date,job_title,company,application_method,initial_response,first_interview,technical_task,second_interview,offer_received,offer_accepted
21/08/2022,Junior Developer,AND Digital,LinkedIn,Rejection,,,,,
24/08/2022,Ruby Developer,SO Energy,Direct,Reply,First Interview,Rejection,,,
24/08/2022,Junior Developer - Assistant,KPMG,Direct,Rejection,,,,,
24/08/2022,Junior Web Developer / Programmer,Simpson Spence Young,Direct,Rejection,,,,,
24/08/2022,Junior Website Developer,dotdigital,Direct,No Reply,,,,,
25/08/2022,Web Developer - Fully Remote,NewsNow.co.uk,Indeed,Reply,Rejection,,,,
25/08/2022,Frontend Developer,Springer Nature,Direct,No Reply,,,,,
25/08/2022,Full Stack Developer - Media and Publising Industry,Lorien,Direct,No Reply,,,,,
28/08/2022,Full Stack Software Engineer (Ruby on Rails),ClickMechanic,devIT,No Reply,,,,,
28/08/2022,Full Stack Engineer - Ruby on Rails,Mast,devIT,No Reply,,,,,
29/08/2022,Junior Developer,Cranberry Panda,LinkedIn,No Reply,,,,,
29/08/2022,Junior Developer,Princes Trust,Direct,Rejection,,,,,
05/09/2022,Full Stack Developer - Media and Publising Industry,Lorien�,Indeed,No Reply,,,,,
05/09/2022,Junior Software Developer,Information Tech Consultants,Indeed,No Reply,,,,,
05/09/2022,Junior PHP Developer (Remote),Ernest Gordon Recruitment Limited - LondonLNDEngland,Indeed,No Reply,,,,,
05/09/2022,Junior Software Developer SQL (Legal Sector),Generic Indeed,Indeed,No Reply,,,,,
05/09/2022,Junior Full Stack Software Engineer,Next Phase Recruitment - London,Indeed,No Reply,,,,,
05/09/2022,Junior/Mid Software Developer,Reqiva Ltd - GB Watford,Indeed,No Reply,,,,,
05/09/2022,Jr Software Developer,GLOBAL ASSOCIATE & BUSINESS CONSULTANT UK LTD,Indeed,No Reply,,,,,
07/09/2022,Junior Backend Developer,Sedition Art,devIT,Reply,First Interview,No Reply,,,
22/09/2022,Full Stack Engineer,Telmer,Direct,No Reply,,,,,
22/09/2022,Junior Software Engineer,The Trade Desk,Direct,No Reply,,,,,
22/09/2022,Full-Stack Engineer,Urban Jungle,Otta,Rejection,,,,,
22/09/2022,Web Engineer,Trainline,Otta,Rejection,,,,,
22/09/2022,Fullstack Engineer,Pigment,Direct,Rejection,,,,,
22/09/2022,Fullstack Engineer,Improbable,Otta,Rejection,,,,,
22/09/2022,Go Software Engineer,Vidsy,Otta,No Reply,,,,,
22/09/2022,Backend Software Development Engineer�- Internal Risk Group,GoCardless,Otta,Rejection,,,,,
22/09/2022,Frontend Developer�- EVs & Electrification,Octopus Energy,Otta,No Reply,,,,,
22/09/2022,Fullstack Engineer,Unmind,Otta,Rejection,,,,,
23/09/2022,Frontend Engineer,Cleo,Otta,Rejection,,,,,
23/09/2022,Full-stack Software Engineer,Intruder,Direct,Rejection,,,,,
23/09/2022,Full Stack Software Engineer,Beauhurst,Direct,Rejection,,,,,
23/09/2022,Software Engineer,Nationbuilder,Direct,Rejection,,,,,
26/09/2022,TA,Le Wagon,Direct,No Reply,,,,,
26/09/2022,Backend Developer (support),Subtrakt,Direct,Reply,First Interview,Rejection,,,
28/09/2022,Product Operations,WeShape,Direct,Reply,First Interview,No Task Required,No Reply,,
29/09/2022,Junior Ruby Engineer (perm),Sorcer.io,LinkedIn,Reply,First Interview,Rejection,,,
10/10/2022,Full Stack Rails Developer,Azuki,devIT,No Reply,,,,,
14/10/2022,Software Engineer,SaltSearch,Reed,No Reply,,,,,
14/10/2022,Junior C# Software Engineer - Get into a hedge fund,McGregor Boyall�,Reed,No Reply,,,,,
14/10/2022,Junior Developer,TEC PARTNERS LIMITED�,Reed,No Reply,,,,,
14/10/2022,.NET Developer,Halo Resourcing Ltd�,Reed,No Reply,,,,,
14/10/2022,Junior Developer,Pareto,Reed,No Reply,,,,,
14/10/2022,Junior Developer,Incite Insight�,Reed,No Reply,,,,,
14/10/2022,Junior Developer Graduate,Pareto,Reed,No Reply,,,,,
14/10/2022,Junior Software Developer,Give A Grad A Go Ltd�,Reed,No Reply,,,,,
14/10/2022,Junior Software Developer,Willmott Dixon,Reed,No Reply,,,,,
14/10/2022,JUNIOR FULL-STACK DEVELOPER,Searchability�,Reed,No Reply,,,,,
14/10/2022,Junior Developer �30K Software Platform Hybrid London,GradBay�,Reed,No Reply,,,,,
14/10/2022,Junior / Graduate Web Technology Developer,Sparta Global�,Direct,No Reply,,,,,
14/10/2022,Graduate/Junior Developer,�Opus Recruitment Solutions Ltd�,Reed,No Reply,,,,,
14/10/2022,Tech For Good - Junior Ruby Developer FLEXIBLE - �45k,Explore Group�,Reed,No Reply,,,,,
14/10/2022,Ruby on Rails Developer,Oho Group Ltd�,Reed,No Reply,,,,,
14/10/2022,Junior Software Developer,Reply,TotalJobs,No Reply,,,,,
14/10/2022,"Junior Developer (React, JavaScript, TypeScript) London/Hybrid",DGH Recruitment Ltd,TotalJobs,No Reply,,,,,
14/10/2022,Full-stack Software Developer graduate programme - Nov 2022,Capita,TotalJobs,No Reply,,,,,
16/10/2022,Generic Linkedin Easy Apply,LinkedIn Easy Apply,LinkedIn Easy Apply,No Reply,,,,,
16/10/2022,Generic Linkedin Easy Apply,LinkedIn Easy Apply,LinkedIn Easy Apply,No Reply,,,,,
16/10/2022,Generic Linkedin Easy Apply,LinkedIn Easy Apply,LinkedIn Easy Apply,No Reply,,,,,
16/10/2022,Generic Linkedin Easy Apply,LinkedIn Easy Apply,LinkedIn Easy Apply,No Reply,,,,,
16/10/2022,Generic Linkedin Easy Apply,LinkedIn Easy Apply,LinkedIn Easy Apply,No Reply,,,,,
16/10/2022,Generic Linkedin Easy Apply,LinkedIn Easy Apply,LinkedIn Easy Apply,No Reply,,,,,
16/10/2022,Generic Linkedin Easy Apply,LinkedIn Easy Apply,LinkedIn Easy Apply,No Reply,,,,,
16/10/2022,Generic Linkedin Easy Apply,LinkedIn Easy Apply,LinkedIn Easy Apply,No Reply,,,,,
16/10/2022,Generic Linkedin Easy Apply,LinkedIn Easy Apply,LinkedIn Easy Apply,No Reply,,,,,
16/10/2022,Generic Linkedin Easy Apply,LinkedIn Easy Apply,LinkedIn Easy Apply,No Reply,,,,,
16/10/2022,Generic Linkedin Easy Apply,LinkedIn Easy Apply,LinkedIn Easy Apply,No Reply,,,,,
16/10/2022,Generic Linkedin Easy Apply,LinkedIn Easy Apply,LinkedIn Easy Apply,No Reply,,,,,
16/10/2022,Generic Linkedin Easy Apply,LinkedIn Easy Apply,LinkedIn Easy Apply,No Reply,,,,,
16/10/2022,Generic Linkedin Easy Apply,LinkedIn Easy Apply,LinkedIn Easy Apply,No Reply,,,,,
16/10/2022,Generic Linkedin Easy Apply,LinkedIn Easy Apply,LinkedIn Easy Apply,No Reply,,,,,
16/10/2022,Generic Linkedin Easy Apply,LinkedIn Easy Apply,LinkedIn Easy Apply,No Reply,,,,,
16/10/2022,Generic Linkedin Easy Apply,LinkedIn Easy Apply,LinkedIn Easy Apply,No Reply,,,,,
16/10/2022,Generic Linkedin Easy Apply,LinkedIn Easy Apply,LinkedIn Easy Apply,No Reply,,,,,
16/10/2022,Generic Linkedin Easy Apply,LinkedIn Easy Apply,LinkedIn Easy Apply,No Reply,,,,,
16/10/2022,Generic Linkedin Easy Apply,LinkedIn Easy Apply,LinkedIn Easy Apply,No Reply,,,,,
16/10/2022,Generic Linkedin Easy Apply,LinkedIn Easy Apply,LinkedIn Easy Apply,No Reply,,,,,
16/10/2022,Generic Linkedin Easy Apply,LinkedIn Easy Apply,LinkedIn Easy Apply,No Reply,,,,,
16/10/2022,Generic Linkedin Easy Apply,LinkedIn Easy Apply,LinkedIn Easy Apply,No Reply,,,,,
16/10/2022,Generic Linkedin Easy Apply,LinkedIn Easy Apply,LinkedIn Easy Apply,No Reply,,,,,
16/10/2022,Generic Linkedin Easy Apply,LinkedIn Easy Apply,LinkedIn Easy Apply,No Reply,,,,,
16/10/2022,Generic Linkedin Easy Apply,LinkedIn Easy Apply,LinkedIn Easy Apply,No Reply,,,,,
16/10/2022,Generic Linkedin Easy Apply,LinkedIn Easy Apply,LinkedIn Easy Apply,No Reply,,,,,
16/10/2022,Generic Linkedin Easy Apply,LinkedIn Easy Apply,LinkedIn Easy Apply,No Reply,,,,,
16/10/2022,Generic Linkedin Easy Apply,LinkedIn Easy Apply,LinkedIn Easy Apply,No Reply,,,,,
16/10/2022,Generic Linkedin Easy Apply,LinkedIn Easy Apply,LinkedIn Easy Apply,No Reply,,,,,
16/10/2022,Generic Linkedin Easy Apply,LinkedIn Easy Apply,LinkedIn Easy Apply,No Reply,,,,,
16/10/2022,Generic Linkedin Easy Apply,LinkedIn Easy Apply,LinkedIn Easy Apply,No Reply,,,,,
16/10/2022,Generic Linkedin Easy Apply,LinkedIn Easy Apply,LinkedIn Easy Apply,No Reply,,,,,
16/10/2022,Xander Academy,Graduate Sofware Engineer (FinCrime),LinkedIn Easy Apply,Reply,First Interview,Rejected By Me,,,
17/10/2022,Junior Full Stack Developer,Client Server,Direct,No Reply,,,,,
17/10/2022,Full Stack Engineer,Shipp,LinkedIn Easy Apply,No Reply,,,,,
17/10/2022,Odicci,Fullstack RoR Developer,LinkedIn Easy Apply,Reply,First Interview,Technical Task,Second Interview,Waiting for Offer,
17/10/2022,Generic Linkedin Easy Apply,LinkedIn Easy Apply,LinkedIn Easy Apply,No Reply,,,,,
20/10/2022,Generic Linkedin Easy Apply,LinkedIn Easy Apply,LinkedIn Easy Apply,No Reply,,,,,
20/10/2022,Generic Linkedin Easy Apply,LinkedIn Easy Apply,LinkedIn Easy Apply,No Reply,,,,,
20/10/2022,Generic Linkedin Easy Apply,LinkedIn Easy Apply,LinkedIn Easy Apply,No Reply,,,,,
20/10/2022,Generic Linkedin Easy Apply,LinkedIn Easy Apply,LinkedIn Easy Apply,No Reply,,,,,
20/10/2022,Generic Linkedin Easy Apply,LinkedIn Easy Apply,LinkedIn Easy Apply,No Reply,,,,,
20/10/2022,Generic Linkedin Easy Apply,LinkedIn Easy Apply,LinkedIn Easy Apply,No Reply,,,,,
21/10/2022,Junior Backend Developer,Octopus Energy,Otta,No Reply,,,,,
21/10/2022,Generic Linkedin Easy Apply,LinkedIn Easy Apply,LinkedIn Easy Apply,Rejection,,,,,
30/10/2022,Generic Linkedin Easy Apply,LinkedIn Easy Apply,LinkedIn Easy Apply,Rejection,,,,,
30/10/2022,Generic Linkedin Easy Apply,LinkedIn Easy Apply,LinkedIn Easy Apply,Rejection,,,,,
30/10/2022,Generic Linkedin Easy Apply,LinkedIn Easy Apply,LinkedIn Easy Apply,Rejection,,,,,
30/10/2022,Generic Linkedin Easy Apply,LinkedIn Easy Apply,LinkedIn Easy Apply,Rejection,,,,,
30/10/2022,Generic Linkedin Easy Apply,LinkedIn Easy Apply,LinkedIn Easy Apply,Rejection,,,,,
30/10/2022,Generic Linkedin Easy Apply,LinkedIn Easy Apply,LinkedIn Easy Apply,Rejection,,,,,
31/10/2022,Generic Linkedin Easy Apply,LinkedIn Easy Apply,LinkedIn Easy Apply,Rejection,,,,,
31/10/2022,Fullstack Developer,Haymarket Media Group,Direct,No Reply,,,,,
31/10/2022,junior web developer,23andMe,Direct,No Reply,,,,,
31/10/2022,Junior / Graduate Web Technology Developer,Sparta Global,Direct,No Reply,,,,,
31/10/2022,Generic Linkedin Easy Apply,LinkedIn Easy Apply,LinkedIn Easy Apply,Rejection,,,,,
31/10/2022,Generic Linkedin Easy Apply,LinkedIn Easy Apply,LinkedIn Easy Apply,Rejection,,,,,
31/10/2022,Full Stack Developer,Bally's Interactive,Direct,No Reply,,,,,
31/10/2022,Generic Linkedin Easy Apply,LinkedIn Easy Apply,LinkedIn Easy Apply,No Reply,,,,,
31/10/2022,Generic Linkedin Easy Apply,LinkedIn Easy Apply,LinkedIn Easy Apply,No Reply,,,,,
31/10/2022,Software Engineer,BBC,Direct,No Reply,,,,,
31/10/2022,Backend (Full Stack) Engineer,Direct Line Group,Direct,Rejection,,,,,
31/10/2022,Ruby Engineer,Cleo,Direct,No Reply,,,,,
31/10/2022,Ruby-on-Rails Developer - Fully Remote,not sure,Via Linkedin recruiter,No Reply,,,,,
01/11/2022,Generic Linkedin Easy Apply,LinkedIn Easy Apply,LinkedIn Easy Apply,No Reply,,,,,
